Player,7DaysAttendance,14DaysAttendance,28DaysAttendance
10000kg,0,1,6
1000SpecsTankDXD,1,1,2
13crow,0,0,4
1O00K,0,4,5
3redolence,2,7,14
3smeralda,0,2,9
5QangMire,0,0,2
999Pink,1,1,1
AWPstrikez,0,1,2
AcmaTheKING,0,0,2
Akkay,1,2,2
AlexeiMudrov,1,4,10
Alicacia,1,2,2
Alphazragonov,0,0,1
AngLongNe,2,5,15
AnhsLinhkutee,2,4,7
AnnKz,2,4,8
Arbezt,1,5,10
Arrcane,2,5,8
Aziroo,1,1,1
BETTOR,1,2,4
BacL0ngVu0ng,0,0,3
BacNongDan,0,1,4
Batrummb,1,4,6
Berud4,0,2,2
BigDaddy6992,2,5,15
BoiZet,1,5,12
BomBop,0,2,2
BossMark,0,0,2
BuKhuDumKhum,2,4,11
BumbleBeee,1,3,7
COSOS,2,6,13
CaChuaLuoc,0,1,3
Caheer,0,1,1
CallMeMiti,2,6,11
Carlyan,0,4,6
Chardyyy,2,5,10
Chillies1905,1,3,11
Chubiit,0,1,3
CorpseHarvest,0,0,1
Cosmooooo,0,1,1
CredoOmnissiah,1,2,6
DARKxAngels,1,6,6
DERMSIRIPAS,0,0,1
DenBeo,0,1,8
Derudo,1,1,1
DontKillMeVN,0,0,1
Duaahauu,2,6,12
DuongDuc,1,1,1
EdricGown,0,2,5
EkkyPump,0,0,2
EvLynsz,0,0,1
F1ppyxx,0,1,5
Ferrir,1,1,3
Fouuu,0,0,1
Freeboss,1,1,3
Gnouch,2,5,8
Goaster,1,4,6
GomKZ,0,0,5
Grade9Fixers,0,0,3
GuXanyin,0,1,2
HBH0904,1,4,13
HaBirrr,1,2,6
HansenJaeger,0,0,7
HieuQuoc,1,5,14
Hixc,0,1,2
Hoang,0,0,6
HoangMqnh,0,1,4
Hydranger,2,6,10
HyehwaDong,0,0,1
IAS0,1,5,6
ILove3000,1,2,5
IrisWead,1,5,10
Irishwaminal,0,1,1
JabaTHEgreat,0,2,6
Jabadingsong,0,1,5
JaoPlume,0,1,1
JokerGfish,0,4,9
JonicaGadgets,1,4,11
Jzuzu,2,5,12
KINGDODOSILVER,0,0,3
Kaekko,2,5,9
Karmard,2,4,7
Kharinef,0,1,1
Khoaaaaaaa,1,2,4
KingOfAvalon,0,3,5
KiraHakoto,2,7,13
KkhanViper,0,0,1
Kneki,0,4,9
Kristorm,0,1,5
LadyKillerCYFM,1,5,7
LamTong,2,4,8
LePhiVu,2,4,11
LickedMahButt,0,2,3
LiiYue,1,1,1
LofonIsPusi,1,1,1
Loonggg,1,4,10
Lortuk,2,3,7
Lunarians,0,0,1
MBlooDM,0,0,1
MURPHYSIMTHWOLF,1,2,5
MaVishere,0,2,2
Marcosg,0,1,5
MayBaynemBom,2,5,11
MeDaddy,0,2,2
MiKokomi,1,2,10
Midir1,1,1,1
MinhChsDa,0,4,7
MinhPhu,2,4,9
Minn,1,3,10
MocTranhPrime,2,3,9
MrDuy,0,1,2
MyanmarNo1,2,2,2
NDTRevive,1,2,10
NamNein,1,2,2
NelmTQ,1,5,8
NewNewNew96,1,3,11
Nr4,0,0,3
Ocons,0,0,6
Olokgator,1,5,5
OmgUshi,0,0,3
Orphanage,0,4,4
Orphia,0,2,2
Paganie,0,4,5
Pandazelt,0,0,2
PatFussy,0,4,5
PeakyPE,2,2,2
PengePanty,0,4,7
PhapSuTroiBan,1,3,5
PhucPeter,1,6,11
Prdx16,0,0,1
Quoin,0,2,6
Raizels,0,1,2
RanNatter,1,4,7
Rathering,2,5,15
Rayorkkk,2,2,8
RazVAC,0,1,11
Reinerss,0,1,8
Roseain,0,0,1
Ryuuuz,0,0,6
Sakakipk,2,4,4
SamCterVNPro,0,1,6
Satthukist,0,4,9
Sauces,0,2,2
SharkShaw,1,1,5
ShinaQ,0,3,11
Shiro31,1,1,3
SonFW,1,5,9
SooHwan,1,4,7
SuirtTie,1,1,1
SunnyG,0,1,11
SuperNatural,0,2,3
SuperNhatTrung,0,0,2
SweetizCat,1,2,7
TRASHHANDHOLDERz,0,0,1
Taicuti,1,4,13
TakebacK,0,2,2
ThangkitoVN,2,4,6
Thanhkemap,0,3,3
ThayTuMeKuu,1,2,3
ThuHuyen,2,5,12
Tlam,0,2,9
TongTaiCuaEm,1,5,8
TonyWibu2k10,2,4,8
TopolH,1,5,9
TowSeconds,2,2,9
TranOne,0,0,2
Tuvanz512,0,2,5
TwilightOfGods,1,5,13
TylerPham,0,3,7
VanityChronoS,1,3,6
VictoriaDior,0,0,3
WanderingMT,0,1,1
Wasabio,1,5,9
Wizu,0,4,4
XPHuong,1,1,8
XaViH,0,0,2
XenomBlack,0,2,2
XiLipHaHo,0,0,8
Xiesta,1,2,5
XxDiiixX,1,1,7
Yalguth,1,4,9
YazemonA,1,5,15
Zayshii,2,5,15
Zen110206,1,2,6
ZeroFive08,2,5,9
ZincZui,1,3,7
Zsasz1625,0,0,1
Zuncool20,1,6,10
Zy007,0,2,2
aevnchien,1,2,5
aimstar,0,0,1
allocess,2,7,12
aushit,1,2,8
banhmithitnuong,0,2,9
chimtokinhkhung,0,0,5
jackzr,0,0,2
jembemXD,0,3,4
kalishi,1,1,1
killergod,0,2,5
kurm4444,2,6,16
lifedawe,0,3,5
mitsibi,1,2,8
neko000,0,0,1
phiils,0,1,1
roverNTD,0,2,6
skrrt426,1,5,7
sleep01,1,1,5
smolpunpun,0,0,2
thereisno0ne,0,0,1
xRuiiya,0,0,3
xxHOWxx,1,1,7
yomus,0,0,1
